总里程,业务类型,需求类型1,需求类型2,线路编码,是否续签,始发网点,目的网点,交易成功时长,成交对象,车辆长度,车辆吨位,标的展示策略,打包类型,运输等级,调价类型,调价紧急程度,始发地省份名称,目的地省份名称,车辆类型分类,交易对象,地区类型,地区,需求紧急程度,计划靠车前可用分钟数,计划发车前可用分钟数,计划到达前行驶分钟数,计划卸货分钟数,交易运行分钟数,实际靠车前可用分钟数,实际发车前可用分钟数,实际结束前分钟数,调价审核分钟数,线路指导价（不含税）
54.9,重货,普通,计划,3,非续签,4,1,2834,B,7.6,7.0,BDC,周期流向,三级运输,调高,常规,北京市,北京市,厢式运输车,BC,业务区,1,常规订单,31417.0,31557.0,115.0,46.0,1236.0,31415.95,31536.433333,17.166667,0.116667,415
45.0,速运,普通,计划,85,已分拨续签,18,17,159,B,5.2,3.0,DIR,人工,二级运输,未调整,常规,广东省,广东省,厢式运输车,B,分拨区,3,常规订单,35180.0,35210.0,55.0,17.0,2721.9,34978.35,35140.766667,18.283333,0.033333,257
45.0,速运,普通,计划,87,已分拨续签,18,17,152,B,5.2,3.0,DIR,人工,二级运输,未调整,常规,广东省,广东省,厢式运输车,B,分拨区,3,常规订单,52105.0,52145.0,65.0,17.0,2729.216667,51941.8,52115.116667,1.05,0.033333,257
241.0,速运,普通,计划,78,已分拨续签,14,16,184,B,9.6,14.0,DIR,周期流向,二级运输,未调整,常规,河南省,河南省,厢式运输车,B,分拨区,5,常规订单,34294.0,34364.0,220.0,41.0,2697.216667,34217.933333,34363.883333,7.3,0.05,999
241.0,重货,区域发运,计划,81,已分拨续签,15,16,317,B,9.6,14.0,DIR,周期流向,二级运输,调低,常规,河南省,河南省,厢式运输车,B,分拨区,5,常规订单,40566.0,41226.0,225.0,46.0,2563.65,40510.183333,40616.433333,21.6,0.1,1292
45.0,速运,普通,计划,85,非续签,18,17,14,B,5.2,3.0,DIR,人工,二级运输,调低,常规,广东省,广东省,厢式运输车,B,分拨区,3,常规订单,32055.0,32085.0,55.0,41.0,1772.0,32040.383333,32078.05,1.183333,0.45,282
55.22,重货,普通,计划,8,非续签,4,2,1313,B,7.6,7.0,BDC,周期流向,三级运输,调高,常规,北京市,北京市,厢式运输车,BC,业务区,1,常规订单,25461.0,25661.0,95.0,54.0,6958.0,25329.583333,25550.783333,4816.133333,1.1,402
55.22,重货,普通,计划,8,非续签,4,2,1315,B,7.6,7.0,BDC,周期流向,三级运输,调高,常规,北京市,北京市,厢式运输车,BC,业务区,1,常规订单,26901.0,27101.0,95.0,54.0,6866.0,26593.666667,27080.95,52.7,1.283333,402
54.9,重货,普通,计划,15,非续签,4,3,1592,B,7.6,7.0,BDC,周期流向,三级运输,调高,常规,北京市,北京市,厢式运输车,BC,业务区,1,常规订单,35338.0,35373.0,65.0,11.0,1048.0,34870.4,35331.05,316.15,17.716667,403
2544.0,速运,普通,计划,63,已分拨续签,12,20,1164,B,15.0,30.0,DIR,单边,一级运输,调高,常规,陕西省,新疆维吾尔自治区,厢式运输车,B,分拨区,4,常规订单,21745.0,21805.0,2750.0,66.0,1716.3,21217.1,21471.366667,3679.733333,0.05,12720
54.91,重货,普通,计划,7,非续签,4,2,4706,B,7.6,7.0,BDC,周期流向,三级运输,调高,常规,北京市,北京市,厢式运输车,BC,业务区,1,常规订单,23866.0,23926.0,90.0,54.0,1185.0,23609.016667,23842.133333,97.233333,68.383333,403
241.0,速运,普通,计划,78,已分拨续签,14,16,1184,B,9.6,14.0,DIR,周期流向,二级运输,调高,常规,河南省,河南省,厢式运输车,B,分拨区,5,常规订单,18219.0,18289.0,240.0,41.0,1697.266667,18195.666667,18327.433333,3.783333,0.05,942
33.0,速运,普通,计划,27,已分拨续签,5,9,55,B,4.2,1.5,DIR,周期流向,三级运输,未调整,常规,广东省,广东省,厢式运输车,B,业务区,2,常规订单,59557.0,59592.0,55.0,12.0,2826.016667,59445.483333,59587.083333,4.183333,0.1,111
54.9,重货,普通,临时,17,非续签,4,3,105,B,7.6,7.0,BDC,单边,三级运输,调高,非常紧急,北京市,北京市,厢式运输车,BC,业务区,1,特急订单,209.0,244.0,85.0,28.0,105.0,115.233333,162.166667,40.0,0.1,394
45.0,速运,普通,计划,87,已分拨续签,18,17,1543,B,5.2,3.0,DIR,周期流向,二级运输,调低,常规,广东省,广东省,厢式运输车,B,分拨区,3,常规订单,38934.0,38974.0,63.0,17.0,1337.383333,38847.583333,38974.516667,3.0,0.05,284
54.9,重货,普通,计划,16,非续签,4,3,2851,B,7.6,7.0,BDC,周期流向,三级运输,调高,常规,北京市,北京市,厢式运输车,BC,业务区,1,常规订单,48638.0,48808.0,85.0,28.0,1207.0,48015.1,48289.65,594.7,0.133333,415
54.9,重货,普通,计划,15,非续签,4,3,2650,B,7.6,7.0,BDC,周期流向,三级运输,调高,常规,北京市,北京市,厢式运输车,BC,业务区,1,常规订单,45674.0,45764.0,65.0,28.0,1359.0,45264.366667,45353.433333,503.083333,2589.683333,403
241.0,重货,区域发运,计划,81,已分拨续签,15,16,1285,B,9.6,14.0,DIR,周期流向,二级运输,调高,常规,河南省,河南省,厢式运输车,B,分拨区,5,常规订单,14556.0,14796.0,225.0,46.0,1596.133333,14387.633333,14789.233333,3.083333,0.05,1094
241.0,重货,普通,临时,81,非续签,15,16,104,B,9.6,14.0,BDC,单边,二级运输,调高,非常紧急,河南省,河南省,厢式运输车,BC,分拨区,5,特急订单,129.0,309.0,225.0,41.0,25.0,114.233333,309.65,3.066667,0.066667,1029
144.0,重货,普通,计划,91,已分拨续签,19,10,965,B,9.6,14.0,DIR,周期流向,二级运输,调高,常规,广东省,广东省,厢式运输车,B,分拨区,3,常规订单,27813.0,27883.0,146.0,85.0,1914.9,27230.566667,27288.533333,476.766667,0.033333,835
241.0,速运,普通,临时,72,非续签,14,16,104,C,9.6,14.0,BDC,单边,二级运输,调高,紧急,河南省,河南省,厢式运输车,BC,分拨区,5,特急订单,228.0,498.0,220.0,41.0,124.0,193.5,438.633333,6.666667,0.1,1189
2544.0,速运,普通,计划,58,已分拨续签,12,20,729,B,15.0,30.0,DIR,周期流向,一级运输,调高,常规,陕西省,新疆维吾尔自治区,厢式运输车,B,分拨区,4,常规订单,47562.0,47622.0,2690.0,257.0,2151.466667,47439.85,47629.183333,25.2,0.033333,12500
2544.0,速运,普通,计划,62,非续签,12,20,84,B,15.0,30.0,DIR,周期流向,一级运输,调高,常规,陕西省,新疆维吾尔自治区,厢式运输车,B,分拨区,4,常规订单,27262.0,27322.0,2750.0,66.0,4138.0,25944.35,26689.95,59.733333,1.1,10639
45.0,速运,普通,计划,86,非续签,18,17,23,B,5.2,3.0,DIR,人工,二级运输,调低,常规,广东省,广东省,厢式运输车,B,分拨区,3,常规订单,32467.0,32497.0,60.0,41.0,2085.0,32241.383333,32357.416667,4.216667,0.583333,282
33.0,速运,普通,计划,23,已分拨续签,5,9,428,B,4.2,1.5,DIR,周期流向,三级运输,未调整,常规,广东省,广东省,厢式运输车,B,业务区,2,常规订单,32815.0,32845.0,70.0,12.0,2452.833333,32777.483333,32838.183333,2.266667,0.033333,111
2544.0,速运,普通,计划,69,已分拨续签,12,20,108,B,15.0,30.0,DIR,周期流向,一级运输,调高,常规,陕西省,新疆维吾尔自治区,厢式运输车,B,分拨区,4,常规订单,23397.0,23457.0,2790.0,66.0,2772.366667,23242.416667,23453.333333,12.966667,0.033333,10609
45.0,速运,普通,计划,89,已分拨续签,18,17,1505,B,5.2,3.0,DIR,周期流向,二级运输,调低,常规,广东省,广东省,厢式运输车,B,分拨区,3,常规订单,21742.0,21772.0,60.0,17.0,1375.583333,21575.233333,21749.716667,4.283333,0.033333,284
45.0,速运,普通,计划,85,非续签,18,17,7,B,5.2,3.0,DIR,人工,二级运输,调低,常规,广东省,广东省,厢式运输车,B,分拨区,3,常规订单,24900.0,24930.0,55.0,41.0,3263.0,24648.2,24809.133333,3.133333,0.633333,282
144.0,重货,普通,计划,93,已分拨续签,19,10,124,C,9.6,14.0,DIR,人工,二级运输,调高,常规,广东省,广东省,厢式运输车,C,分拨区,3,常规订单,19356.0,19596.0,150.0,85.0,6322.0,19153.4,19302.1,151.533333,2.933333,876
241.0,重货,区域发运,临时,81,非续签,15,16,23,C,9.6,14.0,BDC,单边,二级运输,调高,非常紧急,河南省,河南省,厢式运输车,BC,分拨区,5,特急订单,120.0,300.0,225.0,41.0,97.0,130.5,298.533333,5.983333,0.066667,1029
45.0,速运,普通,计划,86,已分拨续签,18,17,6,B,5.2,3.0,DIR,人工,二级运输,调低,常规,广东省,广东省,厢式运输车,B,分拨区,3,常规订单,48154.0,48184.0,60.0,17.0,2874.75,48026.516667,48146.9,3.15,0.033333,284
241.0,重货,普通,计划,81,已分拨续签,15,16,9994,B,9.6,14.0,DIR,周期流向,二级运输,调低,常规,河南省,河南省,厢式运输车,B,分拨区,5,常规订单,41675.0,42335.0,225.0,41.0,204.683333,41643.266667,42024.133333,9.416667,0.183333,1377
241.0,重货,区域发运,计划,81,已分拨续签,15,16,10,B,9.6,14.0,DIR,周期流向,二级运输,调低,常规,河南省,河南省,厢式运输车,B,分拨区,5,常规订单,14465.0,15125.0,225.0,46.0,2871.0,14150.55,14226.2,8.316667,0.033333,1301
2544.0,速运,普通,临时,59,非续签,12,20,270,C,15.0,30.0,BDC,单边,一级运输,调低,紧急,陕西省,新疆维吾尔自治区,厢式运输车,BC,分拨区,4,紧急订单,579.0,586.0,2690.0,66.0,391.0,383.533333,608.95,17.683333,0.566667,10619
144.0,重货,普通,计划,91,已分拨续签,19,10,2222,B,9.6,14.0,DIR,周期流向,二级运输,调高,常规,广东省,广东省,厢式运输车,B,分拨区,3,常规订单,48404.0,48434.0,146.0,85.0,658.083333,48035.183333,48429.983333,66.383333,0.05,835
241.0,速运,普通,计划,73,已分拨续签,14,16,40,B,9.6,14.0,DIR,周期流向,二级运输,调高,常规,河南省,河南省,厢式运输车,B,分拨区,5,常规订单,12183.0,12303.0,215.0,41.0,2840.85,12148.916667,12282.7,1.983333,0.083333,956
54.9,重货,普通,计划,15,非续签,4,3,1311,B,7.6,7.0,BDC,人工,三级运输,调高,常规,北京市,北京市,厢式运输车,BC,业务区,1,常规订单,38119.0,38239.0,85.0,28.0,6569.0,37915.3,38120.783333,111.45,1.633333,394
144.0,重货,普通,临时,91,非续签,19,10,64,C,9.6,14.0,BDC,单边,二级运输,未调整,紧急,广东省,广东省,厢式运输车,BC,分拨区,3,特急订单,300.0,1110.0,146.0,85.0,295.0,270.166667,506.616667,634.066667,59.366667,1168
144.0,重货,普通,计划,91,非续签,19,10,1462,B,9.6,14.0,DIR,人工,二级运输,调高,常规,广东省,广东省,厢式运输车,B,分拨区,3,常规订单,25122.0,25192.0,146.0,41.0,364.0,25190.8,25199.516667,69.616667,3405.666667,619
2603.0,速运,普通,计划,58,非续签,12,20,1308,B,15.0,30.0,DIR,周期流向,一级运输,调高,常规,陕西省,新疆维吾尔自治区,厢式运输车,B,分拨区,4,常规订单,31024.0,31084.0,2881.0,66.0,915.0,30614.716667,30916.366667,9.683333,1.8,10989
45.0,速运,普通,计划,86,已分拨续签,18,17,4,B,5.2,3.0,DIR,周期流向,二级运输,调低,常规,广东省,广东省,厢式运输车,B,分拨区,3,常规订单,16437.0,16467.0,60.0,41.0,2877.183333,16224.616667,16331.55,4.016667,0.016667,284
45.0,速运,普通,计划,89,已分拨续签,18,17,150,B,5.2,3.0,DIR,周期流向,二级运输,未调整,常规,广东省,广东省,厢式运输车,B,分拨区,3,常规订单,46459.0,46489.0,60.0,17.0,2730.816667,46327.233333,46476.783333,0.55,0.05,257
45.0,速运,普通,计划,89,非续签,18,17,22,B,5.2,3.0,DIR,人工,二级运输,调低,常规,广东省,广东省,厢式运输车,B,分拨区,3,常规订单,20623.0,20653.0,60.0,41.0,2081.0,20511.95,20615.616667,0.75,0.516667,282
54.91,重货,普通,计划,7,非续签,4,2,1598,B,7.6,7.0,BDC,周期流向,三级运输,调高,常规,北京市,北京市,厢式运输车,BC,业务区,1,常规订单,38013.0,38193.0,48.0,54.0,1050.0,37876.85,38055.35,164.5,3.266667,403
2544.0,速运,普通,计划,61,已分拨续签,12,20,1562,B,15.0,30.0,DIR,周期流向,一级运输,未调整,常规,陕西省,新疆维吾尔自治区,厢式运输车,B,分拨区,4,常规订单,24006.0,24066.0,2750.0,66.0,1318.333333,23738.516667,23932.55,286.45,0.033333,14055
33.0,速运,普通,计划,24,已分拨续签,5,9,355,B,4.2,1.5,DIR,周期流向,三级运输,未调整,常规,广东省,广东省,厢式运输车,B,业务区,2,常规订单,31734.0,31764.0,60.0,12.0,2525.15,31452.333333,31760.866667,15.083333,0.033333,127
46.81,重货,普通,计划,1,非续签,4,1,1145,B,7.6,7.0,BDC,周期流向,三级运输,未调整,常规,北京市,北京市,厢式运输车,BC,业务区,1,常规订单,31728.0,32268.0,85.0,20.0,1424.0,31693.916667,32220.566667,404.466667,8816.583333,541
33.0,速运,普通,计划,25,已分拨续签,5,9,194,B,4.2,1.5,DIR,周期流向,三级运输,未调整,常规,广东省,广东省,厢式运输车,B,业务区,2,常规订单,27202.0,27232.0,60.0,12.0,2686.616667,27172.4,27225.916667,1.783333,0.033333,111
144.0,重货,普通,临时,93,非续签,19,10,25,C,9.6,14.0,BDC,单边,二级运输,未调整,常规,广东省,广东省,厢式运输车,BC,分拨区,3,常规订单,1056.0,1356.0,150.0,85.0,1051.0,1012.816667,1356.4,35.716667,19.2,1022
54.91,重货,普通,计划,7,非续签,4,2,1318,B,7.6,7.0,BDC,人工,三级运输,调高,常规,北京市,北京市,厢式运输车,BC,业务区,1,常规订单,23782.0,23842.0,90.0,54.0,6624.0,23615.583333,23845.966667,4327.183333,1.033333,394
55.22,重货,普通,计划,8,非续签,4,2,1,B,7.6,7.0,BDC,周期流向,三级运输,调高,常规,北京市,北京市,厢式运输车,BC,业务区,1,常规订单,29737.0,29877.0,95.0,54.0,996.0,29735.633333,29854.616667,23.8,0.133333,395
241.0,重货,普通,计划,83,已分拨续签,15,16,163,B,9.6,14.0,DIR,周期流向,二级运输,调低,常规,河南省,河南省,厢式运输车,B,分拨区,5,常规订单,9521.0,9761.0,225.0,41.0,2716.833333,9512.533333,9756.283333,6.166667,0.116667,1357
54.9,重货,普通,计划,16,非续签,4,3,2851,B,7.6,7.0,BDC,周期流向,三级运输,调高,常规,北京市,北京市,厢式运输车,BC,业务区,1,常规订单,41468.0,41608.0,85.0,28.0,1207.0,41352.8,41502.7,85.133333,0.133333,394
45.0,速运,普通,计划,85,已分拨续签,18,17,2691,B,5.2,3.0,DIR,周期流向,二级运输,调低,常规,广东省,广东省,厢式运输车,B,分拨区,3,常规订单,37870.0,37900.0,55.0,17.0,189.15,37698.483333,37768.966667,3.416667,0.033333,284
144.0,重货,普通,计划,91,已分拨续签,19,10,1102,C,9.6,14.0,DIR,周期流向,二级运输,调高,常规,广东省,广东省,厢式运输车,C,分拨区,3,常规订单,29440.0,29470.0,146.0,85.0,1778.916667,28664.616667,28669.25,56.566667,0.05,835
241.0,重货,普通,计划,81,已分拨续签,15,16,9994,B,9.6,14.0,DIR,周期流向,二级运输,调低,常规,河南省,河南省,厢式运输车,B,分拨区,5,常规订单,30155.0,30815.0,225.0,41.0,204.683333,30040.383333,30353.2,7.683333,0.183333,1377
144.0,重货,普通,计划,91,已分拨续签,19,10,1114,C,9.6,14.0,DIR,周期流向,二级运输,调高,常规,广东省,广东省,厢式运输车,C,分拨区,3,常规订单,52492.0,52522.0,146.0,85.0,1766.65,51682.8,51832.066667,605.966667,0.05,835
144.0,重货,普通,临时,91,非续签,19,10,19,B,9.6,14.0,BDC,单边,二级运输,未调整,常规,广东省,广东省,厢式运输车,BC,分拨区,3,常规订单,781.0,851.0,146.0,85.0,762.0,764.133333,852.55,43.8,0.433333,1022
241.0,速运,普通,计划,78,已分拨续签,14,16,1402,B,9.6,14.0,DIR,周期流向,二级运输,未调整,常规,河南省,河南省,厢式运输车,B,分拨区,5,常规订单,12672.0,12742.0,220.0,41.0,1478.883333,12636.3,12744.1,2.35,0.05,999
45.0,速运,普通,计划,87,非续签,18,17,145,B,5.2,3.0,DIR,人工,二级运输,调低,常规,广东省,广东省,厢式运输车,B,分拨区,3,常规订单,26306.0,26346.0,63.0,17.0,3122.0,26194.883333,26331.05,2.733333,0.716667,284
33.0,速运,普通,计划,24,已分拨续签,5,9,157,B,4.2,1.5,DIR,周期流向,三级运输,未调整,常规,广东省,广东省,厢式运输车,B,业务区,2,常规订单,31033.0,31063.0,60.0,12.0,2723.183333,30767.7,31060.283333,1.866667,0.016667,127
45.0,速运,普通,临时,87,非续签,18,17,1004,B,5.2,3.0,DIR,人工,二级运输,调高,常规,广东省,广东省,厢式运输车,B,分拨区,3,常规订单,1308.0,1338.0,65.0,17.0,324.0,1186.483333,1313.05,0.166667,0.133333,210
241.0,重货,区域发运,计划,81,已分拨续签,15,16,38,B,9.6,14.0,DIR,周期流向,二级运输,调高,常规,河南省,河南省,厢式运输车,B,分拨区,5,常规订单,29484.0,29724.0,225.0,41.0,2843.0,29311.6,29419.733333,8.883333,0.05,1145
144.0,重货,普通,计划,91,已分拨续签,19,10,2942,B,9.6,14.0,DIR,人工,二级运输,调高,常规,广东省,广东省,厢式运输车,B,分拨区,3,特急订单,13439.0,13499.0,146.0,85.0,1460.266667,12927.583333,13312.6,412.9,0.033333,697
2544.0,速运,普通,计划,69,已分拨续签,12,20,109,B,15.0,30.0,DIR,周期流向,一级运输,调高,常规,陕西省,新疆维吾尔自治区,厢式运输车,B,分拨区,4,常规订单,26277.0,26337.0,2790.0,66.0,2771.516667,26071.5,26297.783333,107.033333,0.016667,10609
45.0,速运,普通,计划,86,已分拨续签,18,17,732,B,5.2,3.0,DIR,周期流向,二级运输,调低,常规,广东省,广东省,厢式运输车,B,分拨区,3,常规订单,30838.0,30868.0,60.0,41.0,2148.333333,30637.35,30709.683333,2.666667,2905.95,284
